{
    "main.py": 1586872489.173803,
    "parameters.py": 1586939631.1957257,
    "update_remote_project.py": 1586500173.1962554,
    "components\\DeConv.py": 1586361573.2773502,
    "components\\Discriminator.py": 1586446179.7677865,
    "components\\Generator.py": 1586518702.9858487,
    "components\\ResBlock.py": 1586358463.3046033,
    "components\\Transform.py": 1586232538.2576735,
    "data_tools\\data_loader.py": 1586940059.267,
    "data_tools\\test_data_loader.py": 1586832328.4301188,
    "test_scripts\\tester_common.py": 1586847660.4570098,
    "train_scripts\\trainer_norm.py": 1586284391.963429,
    "train_scripts\\trainer_styleaware.py": 1586625369.1588995,
    "train_scripts\\trainer_styleaware1.py": 1586507714.1763248,
    "utilities\\json_config.py": 1583061858.4680288,
    "utilities\\reporter.py": 1582567500.4010406,
    "utilities\\sshupload.py": 1586872501.4023125,
    "utilities\\utilities.py": 1586191346.7891545,
    "utilities\\yaml_config.py": 1582878601.8303523,
    "components\\Discriminator_SingleScale.py": 1586539276.315741,
    "components\\Discriminator_VGG.py": 1586536319.742742,
    "train_scripts\\trainer_singlescale.py": 1586678206.6396773,
    "components\\Discriminator_SingleScale1.py": 1586711944.1873765,
    "components\\Discriminator_MultiScale.py": 1586712726.2831612,
    "train_scripts\\trainer_multiscale.py": 1586712827.158226,
    "components\\Discriminator_SN.py": 1586883243.616615,
    "train_scripts\\trainer_SN.py": 1586883048.2071714,
    "components\\Discriminator_SN1.py": 1586929568.0837703,
    "components\\Generator_tanh.py": 1586705293.8457153,
    "train_scripts\\trainer_SN1.py": 1586939489.8929398,
    "components\\Discriminator_MultiScale1.py": 1586712687.1286616,
    "train_scripts\\trainer_GP.py": 1586849631.0524364,
    "update.py": 1586872951.6868384,
    "train_configs\\train_multiscale.yaml": 1586712890.6856644,
    "train_configs\\train_singlescale.yaml": 1586578834.5137618,
    "train_configs\\train_SN.yaml": 1586628192.3729146,
    "train_configs\\train_SN1.yaml": 1586883547.951913,
    "train_configs\\train_styleaware.yaml": 1586361234.3099709,
    "data_tools\\data_loader_modify.py": 1586884045.496,
    "components\\torchsummary.py": 1586937371.6069489,
    "utilities\\torchsummary.py": 1586937371.6069489,
    "components\\Discriminator_SN_FC.py": 1586941151.5840526,
    "train_configs\\train_SN_FC.yaml": 1586939566.7692604,
    "data_tools\\data_loader1.py": 1586940048.792
}