{
    "main.py": 1587138102.7431805,
    "parameters.py": 1586963881.1930616,
    "update_remote_project.py": 1586500173.1962554,
    "components\\DeConv.py": 1586361573.2773502,
    "components\\Discriminator.py": 1586446179.7677865,
    "components\\Generator.py": 1586518702.9858487,
    "components\\ResBlock.py": 1586358463.3046033,
    "components\\Transform.py": 1586232538.2576735,
    "data_tools\\data_loader.py": 1587117475.938717,
    "data_tools\\test_data_loader.py": 1587012917.124082,
    "test_scripts\\tester_common.py": 1587012953.3941283,
    "train_scripts\\trainer_norm.py": 1586284391.963429,
    "train_scripts\\trainer_styleaware.py": 1586625369.1588995,
    "train_scripts\\trainer_styleaware1.py": 1586507714.1763248,
    "utilities\\json_config.py": 1583061858.4680288,
    "utilities\\reporter.py": 1582567500.4010406,
    "utilities\\sshupload.py": 1586872501.4023125,
    "utilities\\utilities.py": 1586191346.7891545,
    "utilities\\yaml_config.py": 1582878601.8303523,
    "components\\Discriminator_SingleScale.py": 1586539276.315741,
    "components\\Discriminator_VGG.py": 1586536319.742742,
    "train_scripts\\trainer_singlescale.py": 1586678206.6396773,
    "components\\Discriminator_SingleScale1.py": 1586711944.1873765,
    "components\\Discriminator_MultiScale.py": 1586712726.2831612,
    "train_scripts\\trainer_multiscale.py": 1586712827.158226,
    "components\\Discriminator_SN.py": 1586883243.616615,
    "train_scripts\\trainer_SN.py": 1586883048.2071714,
    "components\\Discriminator_SN1.py": 1587005927.3860536,
    "components\\Generator_tanh.py": 1586705293.8457153,
    "train_scripts\\trainer_SN1.py": 1587131488.495097,
    "components\\Discriminator_MultiScale1.py": 1586712687.1286616,
    "train_scripts\\trainer_GP.py": 1586953846.9632106,
    "update.py": 1587034226.950311,
    "train_configs\\train_multiscale.yaml": 1586712890.6856644,
    "train_configs\\train_singlescale.yaml": 1586578834.5137618,
    "train_configs\\train_SN.yaml": 1586628192.3729146,
    "train_configs\\train_SN1.yaml": 1586883547.951913,
    "train_configs\\train_styleaware.yaml": 1586361234.3099709,
    "data_tools\\data_loader_modify.py": 1586884045.496,
    "components\\torchsummary.py": 1586937371.6069489,
    "utilities\\torchsummary.py": 1586937371.6069489,
    "components\\Discriminator_SN_FC.py": 1587101654.8126285,
    "train_configs\\train_SN_FC.yaml": 1586959863.9269624,
    "data_tools\\data_loader1.py": 1586940048.792,
    "components\\Discriminator_GP_FC.py": 1586952804.2367613,
    "components\\GradientPenalty.py": 1586950915.5934885,
    "train_configs\\train_GP.yaml": 1586953124.127025,
    "train_configs\\train_SN_FC_256.yaml": 1587007817.5193472,
    "train_configs\\train_SN_FC_512.yaml": 1587124178.964684,
    "components\\Discriminator_FC.py": 1587091484.8174064,
    "train_scripts\\trainer_hinge_acc.py": 1587039446.843,
    "components\\Discriminator_SN_FC_multiscale.py": 1587050333.3462853,
    "train_scripts\\trainer_SN_multiscale.py": 1587093742.476135,
    "train_scripts\\trainer_SN_multiscale_acc.py": 1587090060.313,
    "components\\Conditional_Discriminator.py": 1587093446.247599,
    "train_configs\\train_SN_FC_512_multiscale.yaml": 1587137952.4540849,
    "data_tools\\StyleResize.py": 1587139095.1228864
}