{
    "main.py": 1586678094.3522294,
    "parameters.py": 1586855442.2364445,
    "update_remote_project.py": 1586500173.1962554,
    "components\\DeConv.py": 1586361573.2773502,
    "components\\Discriminator.py": 1586446179.7677865,
    "components\\Generator.py": 1586518702.9858487,
    "components\\ResBlock.py": 1586358463.3046033,
    "components\\Transform.py": 1586232538.2576735,
    "data_tools\\data_loader.py": 1586502657.033142,
    "data_tools\\test_data_loader.py": 1586832328.4301188,
    "test_scripts\\tester_common.py": 1586847660.4570098,
    "train_scripts\\trainer_norm.py": 1586284391.963429,
    "train_scripts\\trainer_styleaware.py": 1586625369.1588995,
    "train_scripts\\trainer_styleaware1.py": 1586507714.1763248,
    "utilities\\json_config.py": 1583061858.4680288,
    "utilities\\reporter.py": 1582567500.4010406,
    "utilities\\sshupload.py": 1586589876.12246,
    "utilities\\utilities.py": 1586191346.7891545,
    "utilities\\yaml_config.py": 1582878601.8303523,
    "components\\Discriminator_SingleScale.py": 1586539276.315741,
    "components\\Discriminator_VGG.py": 1586536319.742742,
    "train_scripts\\trainer_singlescale.py": 1586678206.6396773,
    "components\\Discriminator_SingleScale1.py": 1586711944.1873765,
    "components\\Discriminator_MultiScale.py": 1586712726.2831612,
    "train_scripts\\trainer_multiscale.py": 1586712827.158226,
    "components\\Discriminator_SN.py": 1586700161.2362287,
    "train_scripts\\trainer_SN.py": 1586704863.2669923,
    "components\\Discriminator_SN1.py": 1586704696.830444,
    "components\\Generator_tanh.py": 1586705293.8457153,
    "train_scripts\\trainer_SN1.py": 1586705042.8075113,
    "components\\Discriminator_MultiScale1.py": 1586712687.1286616,
    "train_scripts\\trainer_GP.py": 1586849631.0524364,
    "update.py": 1586855403.321
}