{
    "main.py": 1588949181.181083,
    "parameters.py": 1586963881.1930616,
    "update_remote_project.py": 1586500173.1962554,
    "components\\DeConv.py": 1586361573.2773502,
    "components\\Discriminator.py": 1586446179.7677865,
    "components\\Generator.py": 1586518702.9858487,
    "components\\ResBlock.py": 1586358463.3046033,
    "components\\Transform.py": 1586232538.2576735,
    "data_tools\\data_loader.py": 1587194932.0921447,
    "data_tools\\test_data_loader.py": 1587012917.124082,
    "test_scripts\\tester_common.py": 1588949374.921831,
    "train_scripts\\trainer_norm.py": 1586284391.963429,
    "train_scripts\\trainer_styleaware.py": 1586625369.1588995,
    "train_scripts\\trainer_styleaware1.py": 1586507714.1763248,
    "utilities\\json_config.py": 1583061858.4680288,
    "utilities\\reporter.py": 1582567500.4010406,
    "utilities\\sshupload.py": 1587358303.3710072,
    "utilities\\utilities.py": 1586191346.7891545,
    "utilities\\yaml_config.py": 1582878601.8303523,
    "components\\Discriminator_SingleScale.py": 1586539276.315741,
    "components\\Discriminator_VGG.py": 1586536319.742742,
    "train_scripts\\trainer_singlescale.py": 1586678206.6396773,
    "components\\Discriminator_SingleScale1.py": 1586711944.1873765,
    "components\\Discriminator_MultiScale.py": 1586712726.2831612,
    "train_scripts\\trainer_multiscale.py": 1586712827.158226,
    "components\\Discriminator_SN.py": 1586883243.616615,
    "train_scripts\\trainer_SN.py": 1586883048.2071714,
    "components\\Discriminator_SN1.py": 1587005927.3860536,
    "components\\Generator_tanh.py": 1586705293.8457153,
    "train_scripts\\trainer_SN1.py": 1587186395.6704772,
    "components\\Discriminator_MultiScale1.py": 1586712687.1286616,
    "train_scripts\\trainer_GP.py": 1586953846.9632106,
    "update.py": 1588952596.468986,
    "train_configs\\train_multiscale.yaml": 1586712890.6856644,
    "train_configs\\train_singlescale.yaml": 1586578834.5137618,
    "train_configs\\train_SN.yaml": 1586628192.3729146,
    "train_configs\\train_SN1.yaml": 1586883547.951913,
    "train_configs\\train_styleaware.yaml": 1586361234.3099709,
    "data_tools\\data_loader_modify.py": 1586884045.496,
    "components\\torchsummary.py": 1586937371.6069489,
    "utilities\\torchsummary.py": 1586937371.6069489,
    "components\\Discriminator_SN_FC.py": 1587101654.8126285,
    "train_configs\\train_SN_FC.yaml": 1586959863.9269624,
    "data_tools\\data_loader1.py": 1586940048.792,
    "components\\Discriminator_GP_FC.py": 1586952804.2367613,
    "components\\GradientPenalty.py": 1586950915.5934885,
    "train_configs\\train_GP.yaml": 1586953124.127025,
    "train_configs\\train_SN_FC_256.yaml": 1587007817.5193472,
    "train_configs\\train_SN_FC_512.yaml": 1587124178.964684,
    "components\\Discriminator_FC.py": 1587091484.8174064,
    "train_scripts\\trainer_hinge_acc.py": 1587039446.843,
    "components\\Discriminator_SN_FC_multiscale.py": 1588949293.636632,
    "train_scripts\\trainer_SN_multiscale.py": 1588949414.7070127,
    "train_scripts\\trainer_SN_multiscale_acc.py": 1587090060.313,
    "components\\Conditional_Discriminator.py": 1588949307.3648238,
    "train_configs\\train_SN_FC_512_multiscale.yaml": 1587315747.8758347,
    "data_tools\\StyleResize.py": 1587188394.1338558,
    "components\\Conditional_Generator_tanh.py": 1588949298.7944756,
    "data_tools\\data_loader_condition.py": 1587306925.8783286,
    "train_scripts\\trainer_condition_SN_multiscale.py": 1588949395.352147,
    "data_tools\\data_loader_backup.py": 1587306867.711054,
    "utilities\\selective_copy_imgs.py": 1587209099.9499612,
    "components\\Conditional_Discriminator_Projection.py": 1587223611.8922553,
    "components\\Conditional_Discriminator_Projection_256.py": 1587299855.801982,
    "data_tools\\data_loader_condition_final.py": 1588949355.4290855,
    "train_configs\\train_SN_FC_256_conditional_multiscale.yaml": 1587382781.6661448,
    "train_configs\\train_SN_FC_512_conditional_multiscale.yaml": 1587300410.4392352,
    "GUI.py": 1588949176.1807127,
    "update_backup.py": 1588949217.997769,
    "components\\Adain.py": 1588949238.3550293,
    "components\\Conditional_BN.py": 1588949249.1948056,
    "components\\Conditional_Conv.py": 1588949278.5081732,
    "components\\Conditional_DeConv.py": 1585883906.9033966,
    "components\\Conditional_ResBlock.py": 1588949325.8143215,
    "test_scripts\\tester_condition.py": 1588949370.8505988,
    "utilities\\opencv_test.py": 1588949424.324262,
    "utilities\\tensor_visualization.py": 1588949431.760311,
    "tktest.py": 1588950126.663743
}